{
    "loss": 7.983397483825684,
    "accuracy": 0.5035971403121948
}